Date,Open,High,Low,Close,Adj Close,Volume
2020-01-02,91.0,91.5,90.30000305175781,90.80000305175781,75.55364227294922,20758722
2020-01-03,91.4000015258789,92.19999694824219,90.80000305175781,91.5999984741211,76.21931457519531,37936877
2020-01-06,91.0999984741211,91.0999984741211,90.0999984741211,90.5,75.30401611328125,26352522
2020-01-07,90.5,91.0,88.30000305175781,89.0999984741211,74.13909912109375,42728140
2020-01-08,87.9000015258789,88.0999984741211,86.5,86.5,71.97566986083984,56101121
2020-01-09,87.30000305175781,87.69999694824219,87.0,87.0999984741211,72.47491455078125,28192381
2020-01-10,88.0,89.0,87.5,89.0,74.05589294433594,32264863
2020-01-13,89.69999694824219,89.69999694824219,88.5999984741211,89.5999984741211,74.55513763427734,23369554
2020-01-14,90.0,90.0999984741211,89.5999984741211,90.0,74.88796997070312,18618838
2020-01-15,90.0,90.30000305175781,89.5,89.9000015258789,74.80476379394531,23798041
2020-01-16,89.80000305175781,90.19999694824219,89.4000015258789,90.0,74.88796997070312,19281565
2020-01-17,91.0,92.4000015258789,91.0,92.30000305175781,76.8017807006836,77634511
2020-01-20,92.69999694824219,93.4000015258789,92.0999984741211,92.30000305175781,76.8017807006836,35277412
2020-01-30,85.5,86.19999694824219,83.0999984741211,83.0999984741211,69.14655303955078,153608274
2020-01-31,83.0,84.9000015258789,82.5999984741211,83.19999694824219,69.22976684570312,69486948
2020-02-03,79.5,82.30000305175781,77.30000305175781,82.19999694824219,68.39768981933594,66666856
2020-02-04,91.5,91.69999694824219,82.19999694824219,82.19999694824219,68.39768981933594,45872853
2020-02-05,82.19999694824219,82.69999694824219,81.5999984741211,82.19999694824219,68.39768981933594,47188064
2020-02-06,82.5,83.5999984741211,82.30000305175781,83.5999984741211,69.56260681152344,43379109
2020-02-07,83.5999984741211,83.5999984741211,82.69999694824219,82.9000015258789,68.98014831542969,26495116
2020-02-10,79.0,82.69999694824219,78.9000015258789,82.0,68.23126220703125,42505477
2020-02-11,82.5999984741211,83.4000015258789,82.0999984741211,82.9000015258789,68.98014831542969,28310130
2020-02-12,83.0,85.5999984741211,83.0,85.5,71.1435775756836,56443491
2020-02-13,85.80000305175781,86.30000305175781,84.69999694824219,84.69999694824219,70.4779052734375,36012520
2020-02-14,84.69999694824219,85.30000305175781,84.30000305175781,84.9000015258789,70.64432525634766,21292704
2020-02-17,84.19999694824219,84.19999694824219,83.80000305175781,83.9000015258789,69.8122329711914,16771107
2020-02-18,84.0,84.30000305175781,83.0,83.4000015258789,69.39619445800781,22611466
2020-02-19,83.0,84.5999984741211,82.5,83.80000305175781,69.72903442382812,25476407
2020-02-20,84.0,84.0999984741211,82.5,82.80000305175781,68.89694213867188,35212272
2020-02-21,82.0999984741211,82.19999694824219,81.5999984741211,81.69999694824219,67.98163604736328,29778377
2020-02-24,80.5999984741211,81.4000015258789,80.19999694824219,80.69999694824219,67.14955139160156,32852370
2020-02-25,80.19999694824219,82.69999694824219,79.9000015258789,82.30000305175781,68.48089599609375,47213818
2020-02-26,81.19999694824219,82.19999694824219,80.69999694824219,81.0999984741211,67.48238372802734,43075406
2020-02-27,80.80000305175781,81.5,80.0,80.30000305175781,66.81671142578125,53384898
2020-03-02,78.19999694824219,80.30000305175781,78.0999984741211,79.19999694824219,65.90141296386719,53792166
2020-03-03,81.0999984741211,82.0,80.5999984741211,81.0,67.39917755126953,34822180
2020-03-04,81.5,81.9000015258789,81.0999984741211,81.69999694824219,67.98163604736328,29037913
2020-03-05,83.30000305175781,83.5999984741211,82.5999984741211,82.69999694824219,68.813720703125,36950021
2020-03-06,81.5999984741211,81.69999694824219,80.69999694824219,80.80000305175781,67.2327651977539,38712605
2020-03-09,79.19999694824219,80.0999984741211,79.0999984741211,79.0999984741211,65.81820678710938,45009955
2020-03-10,78.5,79.80000305175781,78.5,79.4000015258789,66.06783294677734,37383665
2020-03-11,79.30000305175781,80.0999984741211,78.5999984741211,78.5999984741211,65.40216827392578,30546137
2020-03-12,77.4000015258789,77.5,74.5,74.69999694824219,62.157020568847656,85760356
2020-03-13,70.0,75.0,69.9000015258789,74.5999984741211,62.07380676269531,108780196
2020-03-16,73.9000015258789,74.30000305175781,71.0999984741211,71.0999984741211,59.161502838134766,65223917
2020-03-17,70.0999984741211,72.80000305175781,70.0,70.5999984741211,58.745452880859375,69146874
2020-03-18,70.69999694824219,71.30000305175781,70.0,70.0,58.2462043762207,75494240
2020-03-19,68.69999694824219,69.30000305175781,65.69999694824219,66.30000305175781,55.167476654052734,107246149
2020-03-20,68.0,71.4000015258789,68.0,70.80000305175781,58.9118766784668,102757524
2020-03-23,67.5,68.4000015258789,67.0,67.5,56.16598129272461,61288202
2020-03-24,70.5999984741211,70.69999694824219,69.0999984741211,69.4000015258789,57.7469482421875,41628933
2020-03-25,71.19999694824219,72.5999984741211,71.0999984741211,71.4000015258789,59.41112518310547,53652986
2020-03-26,71.5,71.69999694824219,70.5,71.0,59.07828903198242,38685860
2020-03-27,71.4000015258789,72.19999694824219,70.0,70.0999984741211,58.329410552978516,59785740
2020-03-30,69.5,70.30000305175781,69.0,70.0,58.2462043762207,33595577
2020-03-31,70.0999984741211,70.5,69.9000015258789,69.9000015258789,58.162994384765625,38298560
2020-04-01,70.5,70.5,70.0,70.0,58.2462043762207,24517865
2020-04-06,70.0,70.30000305175781,69.4000015258789,70.19999694824219,58.4126091003418,48957455
2020-04-07,71.4000015258789,71.9000015258789,70.80000305175781,71.19999694824219,59.24470901489258,46626787
2020-04-08,71.5,75.30000305175781,71.4000015258789,75.0,62.406646728515625,90172291
2020-04-09,75.5,75.9000015258789,73.69999694824219,74.0,61.57455825805664,55267837
2020-04-10,73.5,73.9000015258789,73.4000015258789,73.9000015258789,61.4913444519043,19079314
2020-04-13,73.80000305175781,73.9000015258789,73.0999984741211,73.0999984741211,60.8256721496582,25076651
2020-04-14,73.5,74.5,73.19999694824219,74.4000015258789,61.90739440917969,36772932
2020-04-15,74.5,75.19999694824219,74.0999984741211,74.0999984741211,61.65776443481445,42208905
2020-04-16,74.0,75.0,73.80000305175781,74.0,61.57455825805664,42182293
2020-04-17,75.5,76.5,75.30000305175781,75.80000305175781,63.07232666015625,70153153
2020-04-20,76.0999984741211,76.5999984741211,75.4000015258789,76.19999694824219,63.4051513671875,32197766
2020-04-21,75.19999694824219,75.5,73.5,73.5,61.15850830078125,50476839
2020-04-22,72.5999984741211,73.9000015258789,72.5,73.9000015258789,61.4913444519043,27664535
2020-04-23,74.19999694824219,75.19999694824219,73.5999984741211,74.0,61.57455825805664,26918129
2020-04-24,74.0,74.19999694824219,73.69999694824219,73.80000305175781,61.408138275146484,18097847
2020-04-27,74.19999694824219,75.19999694824219,74.19999694824219,74.9000015258789,62.32344055175781,28422746
2020-04-28,75.0999984741211,75.4000015258789,74.80000305175781,75.19999694824219,62.573062896728516,21837772
2020-04-29,75.19999694824219,76.19999694824219,75.0999984741211,75.5999984741211,62.9058952331543,31292555
2020-04-30,76.19999694824219,77.0,76.0,77.0,64.07083129882812,49682112
2020-05-04,74.0,75.0,73.9000015258789,74.5,61.9906005859375,50274654
2020-05-05,74.69999694824219,75.0,74.0,74.0999984741211,61.65776443481445,30499283
2020-05-06,74.0999984741211,75.19999694824219,74.0999984741211,74.30000305175781,61.82418441772461,26782236
2020-05-07,74.5,75.80000305175781,74.5,75.19999694824219,62.573062896728516,31856315
2020-05-08,76.80000305175781,76.80000305175781,75.9000015258789,76.19999694824219,63.4051513671875,38394983
2020-05-11,76.9000015258789,79.19999694824219,76.9000015258789,78.9000015258789,65.65179443359375,58601957
2020-05-12,78.30000305175781,78.4000015258789,77.0,77.30000305175781,64.3204574584961,45434634
2020-05-13,77.69999694824219,78.80000305175781,77.69999694824219,78.80000305175781,65.5685806274414,42897241
2020-05-14,78.0,78.9000015258789,78.0,78.19999694824219,65.06932830810547,41840911
2020-05-15,78.19999694824219,78.5999984741211,76.4000015258789,77.0999984741211,64.1540298461914,46922082
2020-05-18,76.5999984741211,76.5999984741211,74.9000015258789,75.0,62.406646728515625,57099171
2020-05-19,75.4000015258789,76.0,74.5999984741211,74.80000305175781,62.240234375,48852505
2020-05-20,74.9000015258789,75.30000305175781,74.5,74.5,61.9906005859375,30828720
2020-05-21,74.5,75.0,74.30000305175781,74.69999694824219,62.157020568847656,24213322
2020-05-22,74.19999694824219,74.4000015258789,73.5,73.5999984741211,61.241722106933594,46433168
2020-05-25,73.5,73.5999984741211,72.5999984741211,73.5999984741211,61.241722106933594,26982259
2020-05-26,73.69999694824219,75.30000305175781,73.5999984741211,74.80000305175781,62.240234375,28310825
2020-05-27,74.80000305175781,75.5,74.80000305175781,75.30000305175781,62.65627670288086,22380029
2020-05-28,75.69999694824219,75.9000015258789,74.80000305175781,75.30000305175781,62.65627670288086,26184820
2020-05-29,74.30000305175781,75.80000305175781,74.30000305175781,75.80000305175781,63.07232666015625,44636709
2020-06-01,76.0,76.80000305175781,75.9000015258789,76.19999694824219,63.4051513671875,25890941
2020-06-02,76.5,77.5,76.4000015258789,77.0999984741211,64.1540298461914,41692048
2020-06-03,78.0,78.4000015258789,77.5999984741211,78.0999984741211,64.98612213134766,42871656
2020-06-04,78.5,78.69999694824219,77.5999984741211,78.4000015258789,65.23575592041016,43657351
2020-06-05,78.0999984741211,78.5,77.80000305175781,78.5,65.31896209716797,33935695
2020-06-08,79.0999984741211,79.80000305175781,78.80000305175781,79.69999694824219,66.31745910644531,53575560
2020-06-09,79.30000305175781,80.19999694824219,78.9000015258789,79.5,66.15104675292969,38143498
2020-06-10,79.5999984741211,79.9000015258789,79.0999984741211,79.9000015258789,66.48387908935547,25863059
2020-06-11,79.9000015258789,80.30000305175781,78.0999984741211,78.5999984741211,65.40216827392578,41363010
2020-06-12,77.30000305175781,78.0,76.5999984741211,78.0,64.90290832519531,30382486
2020-06-15,77.69999694824219,77.9000015258789,77.0,77.0,64.07083129882812,26332046
2020-06-16,77.80000305175781,78.5,77.69999694824219,78.4000015258789,65.23575592041016,22339775
2020-06-17,78.9000015258789,79.0,77.9000015258789,78.19999694824219,65.06932830810547,18039312
2020-06-18,78.4000015258789,78.69999694824219,77.69999694824219,78.5,65.31896209716797,17726756
2020-06-19,78.5999984741211,78.9000015258789,78.0999984741211,78.80000305175781,65.5685806274414,35336232
2020-06-22,78.69999694824219,78.9000015258789,78.19999694824219,78.9000015258789,65.65179443359375,16769227
2020-06-23,79.5999984741211,80.69999694824219,79.30000305175781,80.19999694824219,66.73350524902344,45708143
2020-06-24,81.0999984741211,83.5,81.0,83.5,69.47940063476562,88391479
2020-06-29,83.5999984741211,85.80000305175781,83.4000015258789,85.19999694824219,70.8939437866211,96673392
2020-06-30,86.0,86.4000015258789,85.69999694824219,86.30000305175781,71.80924987792969,57741437
2020-07-01,86.5,87.5999984741211,85.5,85.9000015258789,71.4764175415039,44576514
2020-07-02,85.80000305175781,86.0,84.5999984741211,86.0,71.55961608886719,34070431
2020-07-03,86.0999984741211,86.19999694824219,85.0999984741211,85.30000305175781,70.97716522216797,42663049
2020-07-06,85.69999694824219,86.5999984741211,85.5999984741211,86.4000015258789,71.8924560546875,44150881
2020-07-07,87.0999984741211,87.5,85.5999984741211,87.0,72.39170837402344,52059744
2020-07-08,87.0,87.30000305175781,86.5999984741211,87.0,72.39170837402344,37038208
2020-07-09,87.30000305175781,87.4000015258789,85.80000305175781,86.19999694824219,71.72603607177734,49514490
2020-07-10,86.19999694824219,86.19999694824219,84.80000305175781,84.80000305175781,70.56111907958984,52271243
2020-07-13,85.4000015258789,86.69999694824219,85.4000015258789,86.69999694824219,72.14208221435547,36625700
2020-07-14,86.80000305175781,87.5,86.30000305175781,86.30000305175781,71.80924987792969,34124410
2020-07-15,86.5999984741211,87.19999694824219,86.5,86.5999984741211,72.05887603759766,47807002
2020-07-16,87.0,88.0,86.9000015258789,87.5999984741211,72.89096069335938,50530654
2020-07-17,88.30000305175781,88.5999984741211,87.5999984741211,88.0,73.22380065917969,48813379
2020-07-20,88.0,88.0,85.0,86.80000305175781,72.22528839111328,71647567
2020-07-21,86.0,86.0999984741211,85.0999984741211,85.30000305175781,70.97716522216797,74962395
2020-07-22,85.30000305175781,86.0,85.0999984741211,85.9000015258789,71.4764175415039,73724655
2020-07-23,81.30000305175781,82.5,81.0999984741211,82.0999984741211,71.82634735107422,78361972
2020-07-24,81.5,81.9000015258789,80.0,80.0,69.98914337158203,46595732
2020-07-27,79.5999984741211,79.9000015258789,78.0,78.0,68.23941802978516,66336332
2020-07-28,77.80000305175781,82.69999694824219,77.30000305175781,78.4000015258789,68.58936309814453,80001664
2020-07-29,78.5999984741211,79.80000305175781,78.0,78.0,68.23941802978516,39362154
2020-07-30,78.69999694824219,78.80000305175781,77.5,78.0,68.23941802978516,40501045
2020-07-31,78.5,79.4000015258789,78.4000015258789,78.4000015258789,68.58936309814453,43374202
2020-08-03,78.4000015258789,78.9000015258789,77.0999984741211,77.0999984741211,67.45203399658203,61172243
2020-08-04,77.69999694824219,78.19999694824219,77.5,78.0999984741211,68.326904296875,23051382
2020-08-05,78.30000305175781,78.5,77.9000015258789,77.9000015258789,68.15193176269531,27876127
2020-08-06,79.30000305175781,79.69999694824219,78.5,79.0,69.11427307128906,33250505
2020-08-07,79.5999984741211,79.5999984741211,78.30000305175781,78.30000305175781,68.50187683105469,21862438
2020-08-10,79.19999694824219,80.9000015258789,79.0999984741211,80.5,70.42657470703125,49798520
2020-08-11,81.0,81.0999984741211,79.5999984741211,79.80000305175781,69.81417083740234,30816578
2020-08-12,80.9000015258789,81.5,79.9000015258789,81.4000015258789,71.21395111083984,45677601
2020-08-13,82.0,82.30000305175781,79.19999694824219,79.5,69.55171203613281,85508728
2020-08-14,79.80000305175781,80.69999694824219,79.5999984741211,80.4000015258789,70.3390884399414,34369498
2020-08-17,80.69999694824219,80.69999694824219,80.0,80.19999694824219,70.16411590576172,23393631
2020-08-18,80.5,80.5,79.30000305175781,79.80000305175781,69.81417083740234,27191399
2020-08-19,80.9000015258789,80.9000015258789,79.30000305175781,79.30000305175781,69.37673950195312,32048778
2020-08-20,79.5999984741211,79.9000015258789,75.5999984741211,77.0999984741211,67.45203399658203,61942250
2020-08-21,78.19999694824219,78.4000015258789,77.5,78.19999694824219,68.41438293457031,24487793
2020-08-24,78.19999694824219,78.4000015258789,77.5999984741211,77.5999984741211,67.88946533203125,21801923
2020-08-25,78.0999984741211,78.5,77.80000305175781,78.30000305175781,68.50187683105469,17655262
2020-08-26,78.30000305175781,78.4000015258789,77.9000015258789,78.19999694824219,68.41438293457031,16266412
2020-08-27,78.19999694824219,78.69999694824219,77.5,77.5,67.8019790649414,24154047
2020-08-28,77.4000015258789,78.19999694824219,77.0999984741211,77.5,67.8019790649414,25083462
2020-08-31,77.80000305175781,78.0,76.9000015258789,76.9000015258789,67.27706146240234,30580373
2020-09-01,76.9000015258789,77.30000305175781,76.4000015258789,77.0,67.36454772949219,18151104
2020-09-02,77.19999694824219,77.80000305175781,77.0,77.80000305175781,68.06444549560547,24934189
2020-09-03,78.80000305175781,79.30000305175781,77.5999984741211,77.69999694824219,67.9769515991211,41374369
2020-09-04,77.0,77.30000305175781,76.5999984741211,76.9000015258789,67.27706146240234,35776710
2020-09-07,76.80000305175781,77.5,76.80000305175781,77.30000305175781,67.62701416015625,20795188
2020-09-08,77.69999694824219,78.0999984741211,77.30000305175781,77.5,67.8019790649414,22118917
2020-09-09,77.30000305175781,77.9000015258789,76.5999984741211,77.9000015258789,68.15193176269531,22505471
2020-09-10,78.0,78.69999694824219,78.0,78.5,68.67684936523438,29117204
2020-09-11,78.5,78.5,78.0,78.5,68.67684936523438,16102726
2020-09-14,78.80000305175781,79.5,78.5999984741211,79.4000015258789,69.46422576904297,27029525
2020-09-15,79.4000015258789,79.4000015258789,78.9000015258789,79.0999984741211,69.2017593383789,16938546
2020-09-16,79.4000015258789,79.4000015258789,78.5999984741211,78.80000305175781,68.93931579589844,18122360
2020-09-17,78.5999984741211,79.0999984741211,78.0,78.0999984741211,68.326904296875,20754040
2020-09-18,77.9000015258789,78.19999694824219,77.5,77.5999984741211,67.88946533203125,31389875
2020-09-21,77.5999984741211,78.30000305175781,77.30000305175781,77.4000015258789,67.71449279785156,19006472
2020-09-22,77.30000305175781,77.30000305175781,76.5,76.80000305175781,67.1895751953125,23201394
2020-09-23,77.0,77.19999694824219,76.5999984741211,76.69999694824219,67.10208129882812,17803854
2020-09-24,76.0999984741211,76.4000015258789,75.0,75.0,65.61482238769531,57338020
2020-09-25,75.4000015258789,75.69999694824219,74.0999984741211,74.30000305175781,65.0024185180664,38124876
2020-09-28,74.9000015258789,76.9000015258789,74.80000305175781,76.9000015258789,67.27706146240234,31682528
2020-09-29,77.30000305175781,78.4000015258789,77.0,77.0,67.36454772949219,31662973
2020-09-30,78.0,78.0,77.30000305175781,77.4000015258789,67.71449279785156,19229698
2020-10-05,78.19999694824219,78.5,77.5,77.69999694824219,67.9769515991211,19075464
2020-10-06,78.0999984741211,78.19999694824219,77.5999984741211,77.80000305175781,68.06444549560547,16976308
2020-10-07,77.4000015258789,77.80000305175781,77.0999984741211,77.4000015258789,67.71449279785156,17236406
2020-10-08,77.80000305175781,78.0,77.5,78.0,68.23941802978516,14942266
2020-10-12,78.4000015258789,78.80000305175781,78.0999984741211,78.69999694824219,68.85182189941406,37807427
2020-10-13,79.0,79.0999984741211,78.0999984741211,78.9000015258789,69.02678680419922,22946661
2020-10-14,78.0999984741211,78.80000305175781,78.0,78.0,68.23941802978516,36842974
2020-10-15,77.69999694824219,78.5,77.5999984741211,78.0999984741211,68.326904296875,26260704
2020-10-16,78.4000015258789,79.9000015258789,78.19999694824219,78.5999984741211,68.76433563232422,48409062
2020-10-19,80.0,81.5,79.69999694824219,81.30000305175781,71.12646484375,85721985
2020-10-20,81.5,82.0,80.80000305175781,81.4000015258789,71.21395111083984,45166857
2020-10-21,81.5,81.5,80.30000305175781,80.4000015258789,70.3390884399414,29912692
2020-10-22,80.80000305175781,80.80000305175781,80.30000305175781,80.80000305175781,70.68903350830078,23803904
2020-10-23,81.19999694824219,81.4000015258789,80.5,80.69999694824219,70.60154724121094,18545821
2020-10-26,81.0999984741211,81.0999984741211,80.0,80.19999694824219,70.16411590576172,14302954
2020-10-27,79.9000015258789,80.0,79.4000015258789,80.0,69.98914337158203,16558440
2020-10-28,79.4000015258789,79.69999694824219,78.19999694824219,78.30000305175781,68.50187683105469,32904050
2020-10-29,77.5999984741211,78.19999694824219,76.80000305175781,78.0,68.23941802978516,30542424
2020-10-30,77.5999984741211,78.19999694824219,77.0999984741211,77.5,67.8019790649414,25967547
2020-11-02,77.5,78.30000305175781,77.4000015258789,78.30000305175781,68.50187683105469,17779122
2020-11-03,78.5,78.80000305175781,78.0999984741211,78.30000305175781,68.50187683105469,14572543
2020-11-04,78.4000015258789,79.4000015258789,78.0,78.80000305175781,68.93931579589844,18883924
2020-11-05,79.0,79.30000305175781,78.5,79.0,69.11427307128906,14635844
2020-11-06,79.5999984741211,79.9000015258789,79.30000305175781,79.69999694824219,69.72667694091797,20743330
2020-11-09,80.69999694824219,81.5,80.5,81.19999694824219,71.03897094726562,40370761
2020-11-10,81.0999984741211,81.19999694824219,80.30000305175781,80.80000305175781,70.68903350830078,21803806
2020-11-11,80.80000305175781,81.69999694824219,80.4000015258789,81.5999984741211,71.38892364501953,36673265
2020-11-12,81.69999694824219,82.0,80.80000305175781,81.9000015258789,71.65137481689453,40247491
2020-11-13,81.9000015258789,82.0,80.9000015258789,81.4000015258789,71.21395111083984,32154345
2020-11-16,82.0,82.9000015258789,81.9000015258789,82.5999984741211,72.26378631591797,50569861
2020-11-17,83.0999984741211,83.30000305175781,82.30000305175781,83.0,72.61373138427734,38225431
2020-11-18,82.9000015258789,83.4000015258789,82.69999694824219,83.19999694824219,72.78870391845703,30867662
2020-11-19,82.69999694824219,83.19999694824219,82.5,82.9000015258789,72.5262451171875,23168892
2020-11-20,83.30000305175781,83.30000305175781,82.0999984741211,82.5,72.17630004882812,24772897
2020-11-23,82.9000015258789,83.19999694824219,82.5,82.9000015258789,72.5262451171875,24562403
2020-11-24,83.0999984741211,83.0999984741211,82.0,82.0,71.73886108398438,22681919
2020-11-25,82.4000015258789,82.5,81.5,82.0,71.73886108398438,23261567
2020-11-26,82.5999984741211,83.19999694824219,82.5,83.0,72.61373138427734,33348687
2020-11-27,83.0,83.0,82.5,82.5999984741211,72.26378631591797,20952764
2020-11-30,82.69999694824219,83.0,82.0,82.30000305175781,72.00132751464844,60143496
2020-12-01,82.5,82.9000015258789,82.19999694824219,82.9000015258789,72.5262451171875,24728091
2020-12-02,83.0,83.30000305175781,82.4000015258789,82.69999694824219,72.35126495361328,34377676
2020-12-03,82.30000305175781,82.4000015258789,81.9000015258789,82.0,71.73886108398438,30592924
2020-12-04,83.0,83.4000015258789,82.5999984741211,82.9000015258789,72.5262451171875,47939163
2020-12-07,83.30000305175781,88.0999984741211,83.0999984741211,87.9000015258789,76.90057373046875,163202466
2020-12-08,88.4000015258789,89.69999694824219,87.30000305175781,87.5999984741211,76.63811492919922,118078656
2020-12-09,88.5,89.30000305175781,88.19999694824219,89.0,77.8629150390625,67687451
2020-12-10,88.4000015258789,88.69999694824219,87.0999984741211,87.69999694824219,76.72560119628906,54001144
2020-12-11,88.5,88.5,85.80000305175781,87.5999984741211,76.63811492919922,61132200
2020-12-14,88.30000305175781,89.0,87.69999694824219,87.69999694824219,76.72560119628906,47831161
2020-12-15,88.30000305175781,88.30000305175781,86.5,87.0999984741211,76.20068359375,38829235
2020-12-16,88.0,88.19999694824219,87.4000015258789,88.19999694824219,77.16302490234375,46567554
2020-12-17,88.30000305175781,88.4000015258789,87.5999984741211,87.80000305175781,76.8130874633789,28002430
2020-12-18,88.0999984741211,88.19999694824219,87.5,87.69999694824219,76.72560119628906,27662859
2020-12-21,88.0999984741211,88.5,86.9000015258789,88.0,76.98805236816406,28796357
2020-12-22,88.0,90.5,87.5,87.69999694824219,76.72560119628906,93748698
2020-12-23,88.5,89.4000015258789,88.30000305175781,88.80000305175781,77.68794250488281,56084453
2020-12-24,89.5,89.9000015258789,89.0,89.5999984741211,78.38783264160156,41068845
2020-12-25,90.9000015258789,92.19999694824219,90.80000305175781,91.80000305175781,80.31253814697266,113953143
2020-12-28,92.4000015258789,93.0,91.80000305175781,91.80000305175781,80.31253814697266,67270084
2020-12-29,91.80000305175781,91.80000305175781,90.4000015258789,90.4000015258789,79.08773040771484,45541806
2020-12-30,91.0,91.5999984741211,90.0999984741211,91.5999984741211,80.13756561279297,40032714
2020-12-31,91.5,92.0,91.0999984741211,92.0,80.48751068115234,32172356
2021-01-04,93.4000015258789,100.0,93.30000305175781,99.9000015258789,87.39894104003906,232054808
2021-01-05,101.0,105.0,101.0,104.0,90.98587799072266,232720464
2021-01-06,107.5,109.0,102.0,105.0,91.86074829101562,220680394
2021-01-07,108.0,108.0,105.5,107.0,93.6104736328125,113608177
2021-01-08,109.0,109.5,106.0,108.0,94.48534393310547,114222138
2021-01-11,108.0,109.0,106.5,107.5,94.04791259765625,70025114
2021-01-12,106.5,107.0,103.0,104.0,90.98587799072266,105949230
2021-01-13,105.0,107.0,105.0,106.5,93.17304229736328,78943569
2021-01-14,109.0,117.0,108.0,116.0,101.4842529296875,316406354
2021-01-15,118.0,119.0,113.0,115.5,101.04682159423828,170231060
2021-01-18,115.5,116.0,111.0,114.0,99.73452758789062,94781807
2021-01-19,115.0,116.5,114.0,115.0,100.60939025878906,86180045
2021-01-20,116.5,118.5,114.0,114.5,100.17195892333984,132669313
2021-01-21,116.5,117.5,115.0,117.0,102.35912322998047,86888141
2021-01-22,117.5,121.5,117.0,121.5,106.29600524902344,220512284
2021-01-25,122.0,124.0,117.5,123.0,107.60830688476562,140354341
2021-01-26,122.5,125.0,120.0,122.0,106.73343658447266,128809261
2021-01-27,124.0,124.5,122.5,123.0,107.60830688476562,88077943
2021-01-28,120.0,121.0,118.0,118.5,103.67141723632812,123343574
2021-01-29,119.0,120.0,111.5,111.5,97.54737091064453,180839900
2021-02-01,111.0,114.5,108.0,113.0,98.85965728759766,125774649
2021-02-02,115.0,118.0,114.0,116.5,101.92169189453125,83620277
2021-02-03,118.0,118.5,115.0,116.5,101.92169189453125,56279288
2021-02-04,114.5,116.0,113.0,114.0,99.73452758789062,63941176
2021-02-05,115.0,116.5,113.0,113.5,99.2970962524414,87886466
2021-02-17,115.0,116.0,112.5,114.0,99.73452758789062,91093426
2021-02-18,113.5,114.5,113.0,113.0,98.85965728759766,47106193
2021-02-19,112.0,112.5,109.5,110.0,96.23506927490234,85959400
2021-02-22,111.5,114.0,111.0,111.0,97.10993957519531,60362039
2021-02-23,109.5,112.5,108.5,111.5,97.54737091064453,50872508
2021-02-24,112.0,114.0,110.5,110.5,96.6725082397461,54709354
2021-02-25,115.0,116.5,114.0,116.5,101.92169189453125,112185849
2021-02-26,114.5,115.0,112.0,112.0,97.98479461669922,120238472
2021-03-02,114.5,114.5,112.0,112.0,97.98479461669922,53842839
2021-03-03,113.0,116.0,112.0,115.5,101.04682159423828,86556063
2021-03-04,115.5,116.0,112.0,114.5,100.17195892333984,79169388
2021-03-05,113.5,116.0,112.5,115.0,100.60939025878906,86577805
2021-03-08,116.0,116.5,113.0,113.5,99.2970962524414,54467978
2021-03-09,113.0,115.0,112.0,115.0,100.60939025878906,43931623
2021-03-10,116.0,117.0,115.0,115.5,101.04682159423828,47780881
2021-03-11,116.5,118.0,116.0,117.0,102.35912322998047,75529976
2021-03-12,117.5,120.0,117.5,120.0,104.98371124267578,95891682
2021-03-15,120.0,122.0,118.5,121.0,105.85857391357422,69445679
2021-03-16,121.5,123.5,121.0,123.0,107.60830688476562,93143082
2021-03-17,123.5,128.0,123.0,126.0,110.23290252685547,143286602
2021-03-18,128.0,131.5,128.0,129.5,113.29491424560547,138285317
2021-03-19,127.0,127.0,123.5,123.5,108.04573822021484,162495850
2021-03-22,124.0,130.0,124.0,130.0,113.73235321044922,108447343
2021-03-23,133.0,134.5,130.0,130.5,114.16978454589844,113002380
2021-03-24,130.0,132.0,126.5,128.0,111.98262023925781,80879262
2021-03-25,127.0,129.5,125.5,126.5,110.67033386230469,64485260
2021-03-26,127.5,128.0,126.0,126.5,110.67033386230469,52856534
2021-03-29,128.0,129.0,127.5,128.5,112.42005920410156,41198716
2021-03-30,129.5,130.0,128.5,129.5,113.29491424560547,46587752
2021-03-31,125.0,126.5,123.0,124.0,108.48316955566406,130007897
2021-04-01,124.5,125.5,120.5,121.5,106.29600524902344,97056517
2021-04-07,124.0,124.5,122.5,123.5,108.04573822021484,33781367
2021-04-08,123.0,123.0,121.5,122.5,107.1708755493164,38840858
2021-04-09,123.0,123.0,120.0,120.0,104.98371124267578,80329342
2021-04-12,120.0,122.0,119.0,120.5,105.421142578125,69260254
2021-04-13,121.5,123.0,121.0,122.5,107.1708755493164,49602834
2021-04-14,123.0,123.5,119.0,121.5,106.29600524902344,53282943
2021-04-15,121.0,121.0,119.5,121.0,105.85857391357422,39497137
2021-04-16,122.0,124.0,122.0,123.5,108.04573822021484,52975405
2021-04-19,123.5,123.5,121.5,121.5,106.29600524902344,32187002
2021-04-20,121.5,122.0,121.0,122.0,106.73343658447266,26160003
2021-04-21,121.0,121.5,120.0,120.0,104.98371124267578,34814313
2021-04-22,122.0,122.0,117.5,117.5,102.79655456542969,67451616
2021-04-23,117.0,119.0,117.0,119.0,104.10884857177734,39251297
2021-04-26,119.5,120.0,117.5,117.5,102.79655456542969,40961898
2021-04-27,118.5,120.5,118.0,118.5,103.67141723632812,54358808
2021-04-28,118.0,118.5,117.0,117.0,102.35912322998047,38888642
2021-04-29,118.0,118.5,116.0,116.0,101.4842529296875,45671359
2021-05-03,115.0,115.0,112.0,112.5,98.42222595214844,71622387
2021-05-04,112.0,112.0,107.5,108.5,94.92277526855469,86723115
2021-05-05,110.0,113.5,110.0,110.0,96.23506927490234,65337936
2021-05-06,112.0,113.0,110.5,112.5,98.42222595214844,37607241
2021-05-07,114.5,117.5,114.0,117.5,102.79655456542969,60426256
2021-05-10,116.0,116.5,113.0,113.0,98.85965728759766,41561886
2021-05-11,109.5,110.0,106.0,107.0,93.6104736328125,80002280
2021-05-12,104.0,106.5,96.5,102.0,89.23616027832031,149627674
2021-05-13,99.5,105.0,98.19999694824219,103.0,90.11102294921875,70416230
2021-05-14,105.0,106.0,103.5,104.5,91.4233169555664,43828851
2021-05-17,100.0,102.0,97.0999984741211,98.19999694824219,85.91166687011719,96882339
2021-05-18,101.5,107.5,101.0,107.0,93.6104736328125,81635753
2021-05-19,106.5,106.5,104.0,105.0,91.86074829101562,47341275
2021-05-20,105.0,106.5,104.5,106.0,92.73561096191406,42732251
2021-05-21,108.0,110.0,108.0,109.5,95.79763793945312,53869601
2021-05-24,108.5,110.0,108.0,109.5,95.79763793945312,31062650
2021-05-25,111.0,113.0,110.5,112.0,97.98479461669922,50727292
2021-05-26,113.5,113.5,110.5,111.5,97.54737091064453,24690941
2021-05-27,110.0,110.5,107.5,109.5,95.79763793945312,61173641
2021-05-28,110.5,111.5,110.0,111.0,97.10993957519531,26886430
2021-05-31,112.0,113.5,111.5,113.5,99.2970962524414,34198356
2021-06-01,114.5,115.0,113.5,114.5,100.17195892333984,22263808
2021-06-02,115.0,115.5,111.0,112.0,97.98479461669922,32957334
2021-06-03,113.0,113.0,110.5,111.0,97.10993957519531,23957797
2021-06-04,110.0,112.5,109.0,112.0,97.98479461669922,28808854
2021-06-07,112.5,112.5,109.0,110.5,96.6725082397461,20309568
2021-06-08,111.0,111.5,110.0,110.5,96.6725082397461,18203485
2021-06-09,110.0,111.0,109.5,109.5,95.79763793945312,22680962
2021-06-10,110.0,111.5,109.5,110.5,96.6725082397461,18992629
2021-06-11,111.5,114.5,111.5,113.5,99.2970962524414,36017587
2021-06-15,113.5,114.5,112.0,113.0,98.85965728759766,23544247
2021-06-16,112.0,113.0,111.5,111.5,97.54737091064453,23871999
2021-06-17,110.5,113.0,110.0,113.0,98.85965728759766,18109232
2021-06-18,112.5,113.0,111.5,111.5,97.54737091064453,29445549
2021-06-21,110.5,110.5,108.5,108.5,94.92277526855469,34818980
2021-06-22,109.5,110.0,108.5,108.5,94.92277526855469,21910960
2021-06-23,109.0,112.0,108.5,111.5,97.54737091064453,27710302
2021-06-24,111.5,114.0,111.0,113.0,98.85965728759766,31065987
2021-06-25,114.0,115.0,113.0,113.0,98.85965728759766,35574740
2021-06-28,113.0,113.5,111.0,111.5,97.54737091064453,23702001
2021-06-29,112.5,112.5,111.5,111.5,97.54737091064453,17706887
2021-06-30,112.0,113.5,112.0,112.0,97.98479461669922,31076380
2021-07-01,112.5,112.5,111.5,112.0,97.98479461669922,15859329
2021-07-02,112.0,112.5,111.5,111.5,97.54737091064453,16486732
2021-07-05,112.5,117.0,112.0,117.0,102.35912322998047,80145148
2021-07-06,116.5,117.5,115.5,116.5,101.92169189453125,43748805
2021-07-07,116.5,117.0,115.0,115.0,100.60939025878906,27901240
2021-07-08,115.0,116.5,115.0,115.5,101.04682159423828,23792227
2021-07-09,114.5,115.0,113.0,114.0,99.73452758789062,28407636
2021-07-12,115.5,116.0,114.5,115.0,100.60939025878906,17024161
2021-07-13,116.0,117.0,115.5,116.5,101.92169189453125,36478720
2021-07-14,117.5,117.5,116.0,116.0,101.4842529296875,27098250
2021-07-15,117.0,120.0,116.5,119.5,104.54627990722656,62649339
2021-07-16,118.5,119.5,118.0,119.5,104.54627990722656,33640925
2021-07-19,118.5,119.0,116.0,116.5,101.92169189453125,31735324
2021-07-20,115.0,116.0,114.5,114.5,100.17195892333984,26267081
2021-07-21,116.0,116.0,112.0,112.5,98.42222595214844,62986162
2021-07-22,109.0,112.5,108.5,110.5,100.23646545410156,59259611
2021-07-23,112.0,112.0,110.0,110.5,100.23646545410156,21521533
2021-07-26,111.0,111.0,108.5,110.0,99.78290557861328,33363024
2021-07-27,111.0,112.0,110.0,111.5,101.1435775756836,27586534
2021-07-28,110.5,111.0,109.0,110.5,100.23646545410156,32678903
2021-07-29,111.0,111.5,110.0,111.0,100.69001770019531,20815906
2021-07-30,110.0,111.5,109.5,110.0,99.78290557861328,28280514
2021-08-02,111.0,113.0,110.0,113.0,102.50425720214844,24048289
2021-08-03,112.5,113.0,110.5,111.5,101.1435775756836,21627785
2021-08-04,112.0,112.5,111.0,112.0,101.59713745117188,21197328
2021-08-05,111.0,112.0,111.0,112.0,101.59713745117188,19911790
2021-08-06,111.5,113.0,111.0,112.5,102.05069732666016,41254699
2021-08-09,112.0,112.5,111.0,112.0,101.59713745117188,23189411
2021-08-10,111.5,112.0,108.5,108.5,98.42222595214844,42815166
2021-08-11,107.0,109.0,106.0,109.0,98.87578582763672,46678699
2021-08-12,109.0,109.5,108.0,109.0,98.87578582763672,18499146
2021-08-13,109.5,110.0,108.0,109.0,98.87578582763672,46504498
2021-08-16,108.5,109.0,106.5,107.5,97.5151138305664,34806631
2021-08-17,107.5,107.5,107.5,107.5,97.5151138305664,0
2021-08-18,105.5,107.5,104.5,107.0,97.06155395507812,31829261
2021-08-19,106.0,106.0,102.5,103.0,93.4330825805664,51471834
2021-08-20,104.0,106.0,102.0,104.5,94.79376220703125,30316791
2021-08-23,105.5,108.0,105.5,107.5,97.5151138305664,22499882
2021-08-24,108.5,109.0,107.5,109.0,98.87578582763672,17889785
2021-08-25,109.0,109.0,107.5,108.5,98.42222595214844,14045849
2021-08-26,108.5,109.0,107.0,107.5,97.5151138305664,12987155
2021-08-27,107.5,108.5,106.5,108.0,97.96867370605469,13808230
2021-08-30,108.5,109.0,107.5,109.0,98.87578582763672,13911174
2021-08-31,108.5,111.0,108.0,111.0,100.69001770019531,30458896
2021-09-01,111.0,112.0,110.0,111.0,100.69001770019531,22232171
2021-09-02,111.0,113.0,110.5,111.5,101.1435775756836,29565666
2021-09-03,112.0,113.0,111.5,112.5,102.05069732666016,23894007
2021-09-06,112.5,113.0,110.5,111.0,100.69001770019531,18270142
2021-09-07,109.5,110.0,108.0,108.5,98.42222595214844,23133531
2021-09-08,108.5,109.5,107.0,107.5,97.5151138305664,28436166
2021-09-09,106.5,107.5,106.0,107.0,97.06155395507812,20347345
2021-09-10,107.0,108.5,107.0,108.0,97.96867370605469,13206233
2021-09-13,107.5,108.0,106.5,106.5,96.60799407958984,15297618
2021-09-14,107.5,108.0,106.5,107.5,97.5151138305664,19165417
2021-09-15,108.0,110.5,107.5,108.5,98.42222595214844,63262671
2021-09-16,108.5,109.5,107.5,107.5,97.5151138305664,22861780
2021-09-17,107.5,109.5,107.0,108.5,98.42222595214844,38649036
2021-09-22,106.5,107.5,106.0,107.0,97.06155395507812,38460147
2021-09-23,107.0,108.0,106.0,106.5,96.60799407958984,18878589
2021-09-24,107.5,108.0,107.0,107.5,97.5151138305664,15280177
2021-09-27,107.0,108.5,107.0,107.5,97.5151138305664,13850268
2021-09-28,107.0,107.5,106.0,106.5,96.60799407958984,22169547
2021-09-29,105.0,105.5,104.5,105.0,95.24732208251953,32073278
2021-09-30,105.0,106.0,104.0,105.0,95.24732208251953,22552355
2021-10-01,104.5,105.0,103.0,103.0,93.4330825805664,34131219
2021-10-04,104.5,105.0,102.5,103.0,93.4330825805664,25219519
2021-10-05,102.0,102.5,101.0,101.5,92.0724105834961,41574679
2021-10-06,103.5,104.5,103.0,103.0,93.4330825805664,38805074
2021-10-07,104.5,107.0,104.0,107.0,97.06155395507812,38220702
2021-10-08,107.5,108.0,106.5,108.0,97.96867370605469,27430627
2021-10-12,106.5,107.0,104.5,105.0,95.24732208251953,38628919
2021-10-13,106.0,106.5,104.5,105.5,95.70088195800781,18684819
2021-10-14,107.0,107.5,106.5,106.5,96.60799407958984,17684751
2021-10-15,108.0,110.0,107.5,109.5,99.329345703125,49011891
2021-10-18,110.5,111.0,107.0,107.5,97.5151138305664,42099090
2021-10-19,108.5,109.0,106.5,107.0,97.06155395507812,26270635
2021-10-20,107.5,108.5,106.5,107.5,97.5151138305664,29381245
2021-10-21,108.0,108.5,107.0,108.0,97.96867370605469,30517157
2021-10-22,108.0,108.5,107.0,107.5,97.5151138305664,14667653
2021-10-25,107.5,109.0,107.0,108.0,97.96867370605469,21027449
2021-10-26,108.5,109.5,108.0,109.0,98.87578582763672,18026359
2021-10-27,109.0,109.0,107.5,108.0,97.96867370605469,15831617
2021-10-28,108.0,109.0,107.5,108.5,98.42222595214844,14181424
2021-10-29,108.5,108.5,107.0,107.0,97.06155395507812,20664910
2021-11-01,108.0,108.0,106.5,106.5,96.60799407958984,18124077
2021-11-02,107.0,108.5,107.0,107.5,97.5151138305664,20172294
2021-11-03,107.5,108.5,107.5,107.5,97.5151138305664,12249306
2021-11-04,108.5,108.5,107.5,108.0,97.96867370605469,11307246
2021-11-05,108.0,109.0,107.5,109.0,98.87578582763672,17621370
2021-11-08,107.5,108.0,107.0,107.5,97.5151138305664,19912872
2021-11-09,107.5,108.0,107.0,108.0,97.96867370605469,23901115
2021-11-10,108.0,109.5,107.5,109.0,98.87578582763672,22839265
2021-11-11,108.5,109.0,107.5,107.5,97.5151138305664,18674012
2021-11-12,108.5,109.5,108.0,109.0,98.87578582763672,26633641
2021-11-15,109.0,110.0,108.0,108.0,97.96867370605469,25735186
2021-11-16,108.5,109.0,108.0,108.0,97.96867370605469,15746287
2021-11-17,108.5,108.5,106.5,107.0,97.06155395507812,31800650
2021-11-18,107.0,107.5,106.5,107.0,97.06155395507812,30441523
2021-11-19,107.5,108.0,106.5,106.5,96.60799407958984,20714969
2021-11-22,107.0,107.5,106.5,106.5,96.60799407958984,17750562
2021-11-23,106.5,107.0,106.0,106.0,96.15443420410156,22288461
2021-11-24,106.0,106.5,104.5,105.5,95.70088195800781,29810172
2021-11-25,106.5,106.5,105.0,105.0,95.24732208251953,17457242
2021-11-26,105.0,105.0,103.5,103.5,93.88664245605469,24109403
2021-11-29,103.0,105.5,102.5,103.5,93.88664245605469,27800208
2021-11-30,104.0,105.5,103.0,103.5,93.88664245605469,49334401
2021-12-01,103.5,106.0,103.5,105.5,95.70088195800781,22443321
2021-12-02,105.0,107.0,105.0,105.0,95.24732208251953,27037026
2021-12-03,105.5,106.0,105.0,105.0,95.24732208251953,18091990
2021-12-06,105.5,107.0,105.0,106.5,96.60799407958984,22698693
2021-12-07,106.0,107.5,105.0,106.0,96.15443420410156,25236546
2021-12-08,106.5,107.0,105.0,105.0,95.24732208251953,35111410
2021-12-09,105.0,106.0,105.0,106.0,96.15443420410156,15077799
2021-12-10,105.5,106.0,104.5,105.0,95.24732208251953,20356210
2021-12-13,105.0,106.0,104.5,104.5,94.79376220703125,17305354
2021-12-14,104.5,105.5,104.0,104.5,94.79376220703125,22026866
2021-12-15,104.0,105.0,103.5,105.0,95.24732208251953,22944995
2021-12-16,105.5,106.0,103.5,103.5,93.88664245605469,33943652
2021-12-17,103.5,104.0,103.0,103.5,93.88664245605469,31642630
2021-12-20,103.5,104.0,103.0,103.0,93.4330825805664,17983356
2021-12-21,103.5,104.5,103.0,104.5,94.79376220703125,13187322
2021-12-22,104.5,104.5,103.5,103.5,93.88664245605469,11494283
2021-12-23,104.0,104.5,103.5,104.0,94.34020233154297,13822871
2021-12-24,104.5,105.0,104.0,104.0,94.34020233154297,11585049
2021-12-27,104.5,105.0,104.0,104.5,94.79376220703125,8809417
2021-12-28,104.5,105.5,104.5,105.5,95.70088195800781,15514907
2021-12-29,105.0,105.5,104.5,105.0,95.24732208251953,13358175
2021-12-30,104.5,105.0,104.0,104.0,94.34020233154297,16940701
2022-01-03,104.5,105.0,103.0,103.0,93.4330825805664,21800309
2022-01-04,104.0,104.0,103.0,103.5,93.88664245605469,18097232
2022-01-05,104.0,111.0,103.5,109.0,98.87578582763672,142256949
2022-01-06,108.0,108.5,106.0,107.0,97.06155395507812,49111058
2022-01-07,108.0,108.5,106.0,106.5,96.60799407958984,38575103
2022-01-10,106.0,106.5,104.0,104.5,94.79376220703125,34566857
2022-01-11,104.5,105.0,104.0,104.5,94.79376220703125,26075278
2022-01-12,105.0,105.5,104.0,104.5,94.79376220703125,18805639
2022-01-13,105.0,105.5,104.5,105.5,95.70088195800781,19590729
2022-01-14,105.0,105.5,103.0,103.5,93.88664245605469,38360049
2022-01-17,103.5,104.5,103.5,103.5,93.88664245605469,16094235
2022-01-18,104.5,104.5,103.5,103.5,93.88664245605469,14778734
2022-01-19,103.5,104.5,103.0,103.5,93.88664245605469,23938918
2022-01-20,103.5,104.0,103.0,103.0,93.4330825805664,28843468
2022-01-21,102.5,103.0,102.0,102.0,92.52597045898438,32900646
2022-01-24,103.0,104.5,102.5,103.0,93.4330825805664,41645390
2022-01-25,103.0,103.5,102.0,103.0,93.4330825805664,28944982
2022-01-26,103.0,103.5,102.0,102.0,92.52597045898438,33050112
2022-02-07,102.5,104.5,102.5,103.0,93.4330825805664,33556371
2022-02-08,104.0,106.0,103.0,105.5,95.70088195800781,42889717
2022-02-09,106.0,106.5,105.5,106.5,96.60799407958984,22694894
2022-02-10,106.5,107.0,105.5,106.5,96.60799407958984,20096356
2022-02-11,105.5,106.0,104.5,106.0,96.15443420410156,16613415
2022-02-14,105.0,105.0,103.5,104.0,94.34020233154297,22322581
2022-02-15,104.0,105.0,104.0,104.0,94.34020233154297,13442567
2022-02-16,105.0,106.0,104.5,105.5,95.70088195800781,13415034
2022-02-17,106.0,106.5,105.0,106.0,96.15443420410156,25431607
2022-02-18,105.0,106.0,105.0,105.5,95.70088195800781,11303877
2022-02-21,105.0,107.0,104.5,106.0,96.15443420410156,23424745
2022-02-22,105.0,105.5,104.0,104.5,94.79376220703125,25922027
2022-02-23,104.5,105.5,104.5,105.0,95.24732208251953,14519774
2022-02-24,104.0,104.5,102.5,102.5,92.97953033447266,47297284
2022-02-25,103.0,103.5,102.5,103.0,93.4330825805664,29597295
2022-03-01,104.0,105.5,103.5,104.5,94.79376220703125,28845483
2022-03-02,104.0,105.0,104.0,104.5,94.79376220703125,13781632
2022-03-03,105.0,105.5,104.5,104.5,94.79376220703125,13799475
2022-03-04,104.0,105.0,103.5,105.0,95.24732208251953,18406414
2022-03-07,104.0,104.0,102.5,102.5,92.97953033447266,43631775
2022-03-08,101.5,102.5,100.0,101.5,92.0724105834961,60192113
2022-03-09,102.0,102.5,101.5,101.5,92.0724105834961,29168018
2022-03-10,103.0,104.0,102.5,103.0,93.4330825805664,25008712
2022-03-11,103.0,104.0,102.5,103.5,93.88664245605469,23629440
2022-03-14,103.0,104.0,102.5,102.5,92.97953033447266,25796152
2022-03-15,102.0,103.0,101.0,101.0,91.61885070800781,31099190
2022-03-16,101.5,102.5,100.0,101.5,92.0724105834961,35941142
2022-03-17,103.5,104.5,103.0,104.0,94.34020233154297,43536754
2022-03-18,105.0,106.0,103.5,106.0,96.15443420410156,82056684
2022-03-21,106.0,106.5,104.5,104.5,94.79376220703125,21118636
2022-03-22,104.0,104.5,103.5,104.0,94.34020233154297,21010720
2022-03-23,104.5,105.5,104.0,105.5,95.70088195800781,19285529
2022-03-24,105.0,108.0,104.5,106.5,96.60799407958984,50161697
2022-03-25,106.5,107.0,106.0,106.0,96.15443420410156,20559680
2022-03-28,105.5,106.5,104.5,106.0,96.15443420410156,19827138
2022-03-29,106.0,106.5,104.5,105.5,95.70088195800781,15281994
2022-03-30,106.0,106.0,105.0,105.5,95.70088195800781,19929601
2022-03-31,106.0,106.5,105.5,106.0,96.15443420410156,20008814
2022-04-01,105.0,105.5,104.5,104.5,94.79376220703125,23307788
2022-04-06,104.5,105.0,104.0,105.0,95.24732208251953,31289599
2022-04-07,104.5,105.0,103.0,103.0,93.4330825805664,34459124
2022-04-08,103.0,103.5,102.5,103.0,93.4330825805664,24825800
2022-04-11,103.0,103.5,101.5,102.0,92.52597045898438,28845321
2022-04-12,102.0,103.0,101.5,102.0,92.52597045898438,17640348
2022-04-13,103.0,104.5,102.5,104.0,94.34020233154297,15837431
2022-04-14,104.0,104.5,103.5,104.0,94.34020233154297,8896584
2022-04-15,103.5,104.0,103.0,103.0,93.4330825805664,11699116
2022-04-18,102.0,103.0,102.0,102.5,92.97953033447266,11383276
2022-04-19,103.0,103.5,102.0,102.0,92.52597045898438,17643855
2022-04-20,102.5,103.0,102.0,103.0,93.4330825805664,19489328
2022-04-21,103.5,104.0,103.0,103.0,93.4330825805664,18357634
2022-04-22,102.5,103.5,102.0,103.5,93.88664245605469,16603902
2022-04-25,102.5,102.5,100.5,100.5,91.165283203125,40565427
2022-04-26,101.0,101.5,100.5,101.0,91.61885070800781,20545513
2022-04-27,99.9000015258789,100.5,99.69999694824219,100.0,90.71173095703125,29697752
2022-04-28,100.0,101.5,100.0,101.5,92.0724105834961,27751372
2022-04-29,101.5,102.0,101.5,102.0,92.52597045898438,14137983
2022-05-03,102.0,103.0,101.5,102.5,92.97953033447266,17216495
2022-05-04,103.5,104.5,103.0,104.0,94.34020233154297,29912716
2022-05-05,105.0,105.5,104.0,104.5,94.79376220703125,34766562
2022-05-06,103.5,104.0,102.5,104.0,94.34020233154297,27316318
2022-05-09,103.5,104.0,103.0,104.0,94.34020233154297,24282777
2022-05-10,103.0,104.0,102.5,104.0,94.34020233154297,17584435
2022-05-11,103.5,104.0,103.0,103.0,93.4330825805664,19605349
2022-05-12,103.0,103.0,102.0,102.0,92.52597045898438,22154008
2022-05-13,104.0,104.0,103.0,104.0,94.34020233154297,19656439
2022-05-16,104.0,104.5,103.5,104.5,94.79376220703125,22467860
2022-05-17,104.5,105.0,104.0,105.0,95.24732208251953,25153620
2022-05-18,105.5,107.0,105.0,107.0,97.06155395507812,55743416
2022-05-19,105.5,107.5,105.0,107.5,97.5151138305664,37286039
2022-05-20,107.5,109.0,107.0,107.0,97.06155395507812,45964633
2022-05-23,108.0,109.0,107.0,108.0,97.96867370605469,34196330
2022-05-24,108.0,109.0,108.0,108.0,97.96867370605469,37199729
2022-05-25,108.5,110.0,108.0,109.5,99.329345703125,75541746
2022-05-26,110.0,110.5,108.5,109.0,98.87578582763672,39995538
2022-05-27,110.0,111.0,109.5,110.0,99.78290557861328,51671206
2022-05-30,110.5,111.0,109.0,110.5,100.23646545410156,43770168
2022-05-31,111.0,113.0,110.0,113.0,102.50425720214844,89526207
2022-06-01,112.5,116.0,112.0,114.5,103.86492919921875,71080756
2022-06-02,114.5,116.0,113.5,114.0,103.41136932373047,36440162
2022-06-06,115.0,116.0,114.0,115.5,104.77204895019531,35782678
2022-06-07,115.0,115.5,113.5,113.5,102.95781707763672,37688003
2022-06-08,114.5,115.0,113.5,114.0,103.41136932373047,18570005
2022-06-09,114.0,115.5,113.5,115.5,104.77204895019531,29571170
2022-06-10,115.0,115.0,114.0,114.0,103.41136932373047,24037427
2022-06-13,112.5,112.5,111.0,111.5,101.1435775756836,45251873
2022-06-14,110.0,112.5,110.0,111.5,101.1435775756836,31839349
2022-06-15,112.5,112.5,111.5,112.0,101.59713745117188,24548371
2022-06-16,113.5,113.5,110.5,111.5,101.1435775756836,31543119
2022-06-17,110.0,111.0,109.5,109.5,99.329345703125,49546955
2022-06-20,110.0,110.5,108.5,109.0,98.87578582763672,33359214
2022-06-21,110.5,112.5,110.5,112.0,101.59713745117188,38500252
2022-06-22,111.5,111.5,109.5,109.5,99.329345703125,31181855
2022-06-23,110.5,110.5,107.5,108.0,97.96867370605469,45758826
2022-06-24,109.0,110.5,108.5,110.0,99.78290557861328,29542926
2022-06-27,111.0,112.0,111.0,111.0,100.69001770019531,25944301
2022-06-28,111.5,112.0,110.0,112.0,101.59713745117188,27617500
2022-06-29,111.5,112.5,110.5,111.0,100.69001770019531,33501065
2022-06-30,110.5,111.0,109.0,109.0,98.87578582763672,44339108
2022-07-01,108.5,109.0,105.5,106.0,96.15443420410156,62417854
2022-07-04,100.5,102.0,99.5,100.0,95.39130401611328,70346389
2022-07-05,102.0,103.0,101.0,102.5,97.77608489990234,45133868
2022-07-06,103.0,103.5,100.5,100.5,95.8682632446289,45606608
2022-07-07,101.0,103.5,100.5,103.5,98.72999572753906,40971306
2022-07-08,103.5,104.0,101.5,102.0,97.29912567138672,34112553
2022-07-11,102.0,102.0,100.5,101.0,96.34521484375,18375028
2022-07-12,100.0,101.0,99.69999694824219,100.5,95.8682632446289,26056813
2022-07-13,103.0,103.5,102.5,102.5,97.77608489990234,31813542
2022-07-14,102.5,106.0,102.5,105.0,100.1608657836914,46066645
2022-07-15,105.0,106.0,104.5,105.0,100.1608657836914,24630202
2022-07-18,105.0,105.5,104.0,105.0,100.1608657836914,17000378
2022-07-19,104.5,105.0,103.5,104.0,99.20695495605469,20445793
2022-07-20,104.0,105.0,103.0,103.5,98.72999572753906,35017029
2022-07-21,104.0,105.5,103.5,105.5,100.63782501220703,23154380
2022-07-22,105.5,106.5,105.0,106.0,101.11478424072266,28741668
2022-07-25,106.0,108.0,105.5,107.5,102.545654296875,39068310
2022-07-26,108.0,108.5,107.0,108.0,103.0226058959961,22725130
2022-07-27,108.5,109.5,107.5,108.0,103.0226058959961,30666386
2022-07-28,109.0,109.0,108.0,108.5,103.49956512451172,21777281
2022-07-29,109.0,109.5,108.5,109.0,103.97652435302734,21866952
2022-08-01,108.5,109.0,108.0,109.0,103.97652435302734,14697891
2022-08-02,108.0,108.0,106.5,108.0,103.0226058959961,40353392
2022-08-03,107.5,108.5,107.0,108.5,103.49956512451172,30936472
2022-08-04,108.0,108.5,106.5,108.0,103.0226058959961,38651714
2022-08-05,108.5,109.0,108.0,108.0,103.0226058959961,24868879
2022-08-08,107.0,108.0,106.5,108.0,103.0226058959961,22571210
2022-08-09,108.0,109.0,107.0,109.0,103.97652435302734,25759491
2022-08-10,109.0,111.0,108.0,110.0,104.93043518066406,56343332
2022-08-11,111.5,113.0,110.5,113.0,107.79217529296875,62046990
2022-08-12,113.0,114.0,112.0,112.5,107.31521606445312,48405887
2022-08-15,113.0,113.0,111.5,112.0,106.8382568359375,29323346
2022-08-16,112.0,112.0,110.5,111.0,105.88434600830078,28765617
2022-08-17,111.0,112.5,111.0,112.5,107.31521606445312,30500758
2022-08-18,112.5,112.5,111.0,112.0,106.8382568359375,25764909
2022-08-19,111.5,112.0,111.0,111.0,105.88434600830078,17611604
2022-08-22,110.5,111.0,110.0,110.0,104.93043518066406,10185000
2022-08-23,110.0,110.5,109.5,110.0,104.93043518066406,17881145
2022-08-24,110.5,111.0,109.0,109.5,104.45347595214844,24541358
2022-08-25,109.5,110.5,109.5,109.5,104.45347595214844,14108637
2022-08-26,110.0,110.5,109.5,110.5,105.40738677978516,17056269
2022-08-29,108.5,109.0,108.0,108.0,103.0226058959961,26838820
2022-08-30,108.5,109.0,108.0,108.5,103.49956512451172,21797499
2022-08-31,108.0,109.5,107.5,109.0,103.97652435302734,28991269
2022-09-01,108.0,108.5,107.0,107.5,102.545654296875,37415613
2022-09-02,108.0,108.0,107.0,107.5,102.545654296875,17074664
2022-09-05,108.0,108.5,107.5,108.0,103.0226058959961,21079281
2022-09-06,108.5,108.5,107.5,108.5,103.49956512451172,16384324
2022-09-07,107.5,108.0,106.0,106.0,101.11478424072266,31588795
2022-09-08,107.0,107.0,106.0,107.0,102.06869506835938,15056746
2022-09-12,108.5,109.0,107.5,108.5,103.49956512451172,18427897
2022-09-13,109.0,110.5,108.5,110.0,104.93043518066406,32733009
2022-09-14,107.5,108.5,107.0,107.5,102.545654296875,26434615
2022-09-15,107.5,108.5,107.5,108.0,103.0226058959961,17100232
2022-09-16,107.5,108.0,107.0,107.5,102.545654296875,37103124
2022-09-19,107.5,108.0,106.5,107.0,102.06869506835938,17131612
2022-09-20,107.5,108.5,107.0,108.5,103.49956512451172,25688754
2022-09-21,108.5,108.5,106.5,107.0,102.06869506835938,25799149
2022-09-22,106.5,107.5,106.0,107.0,102.06869506835938,24048970
2022-09-23,107.0,107.5,106.0,106.5,101.59173583984375,15318321
2022-09-26,105.5,106.0,103.5,104.0,99.20695495605469,40675073
2022-09-27,104.0,104.5,103.0,103.5,98.72999572753906,21273277
2022-09-28,103.5,104.0,100.5,100.5,95.8682632446289,48743869
2022-09-29,101.5,102.5,101.0,101.5,96.82217407226562,40253163
2022-09-30,100.0,102.0,100.0,102.0,97.29912567138672,27852050
2022-10-03,101.0,102.0,100.5,101.0,96.34521484375,20873153
2022-10-04,102.5,103.0,102.0,102.5,97.77608489990234,17249740
2022-10-05,105.5,107.5,105.0,107.0,102.06869506835938,52299029
2022-10-06,108.0,108.5,106.5,107.5,102.545654296875,27153696
2022-10-07,107.0,108.0,106.5,107.5,102.545654296875,21917087
2022-10-11,105.0,105.5,104.0,104.0,99.20695495605469,37540410
2022-10-12,104.0,104.5,102.5,103.0,98.25304412841797,37752638
2022-10-13,103.5,104.5,102.5,103.5,98.72999572753906,29359558
2022-10-14,104.5,105.5,104.5,105.0,100.1608657836914,25035354
2022-10-17,104.0,105.5,104.0,105.0,100.1608657836914,28280778
2022-10-18,105.5,106.0,103.0,103.5,98.72999572753906,38498822
2022-10-19,104.0,105.0,103.0,103.0,98.25304412841797,54005985
2022-10-20,103.0,103.5,101.0,102.5,97.77608489990234,57596655
2022-10-21,102.5,103.5,102.0,103.5,98.72999572753906,24049235
2022-10-24,104.5,104.5,102.5,103.0,98.25304412841797,29054365
2022-10-25,103.0,103.5,101.5,103.5,98.72999572753906,36701674
2022-10-26,104.0,104.5,103.0,104.0,99.20695495605469,28275416
2022-10-27,105.0,105.0,104.0,104.0,99.20695495605469,31261879
2022-10-28,104.5,104.5,103.0,104.0,99.20695495605469,22200068
2022-10-31,101.5,103.0,101.5,102.5,97.77608489990234,43562953
2022-11-01,101.5,102.0,100.5,101.5,96.82217407226562,46692717
2022-11-02,101.5,102.0,101.0,102.0,97.29912567138672,28465028
2022-11-03,101.0,101.5,100.5,101.0,96.34521484375,39227107
2022-11-04,100.0,101.0,99.5,100.5,95.8682632446289,48440518
2022-11-07,100.5,101.0,99.80000305175781,100.0,95.39130401611328,40465357
2022-11-08,100.0,100.5,100.0,100.0,95.39130401611328,29917422
2022-11-09,100.0,102.5,100.0,102.5,97.77608489990234,40267209
2022-11-10,101.0,101.5,100.5,100.5,95.8682632446289,38942597
2022-11-11,101.5,102.5,100.0,100.0,95.39130401611328,88699853
2022-11-14,99.5,101.5,99.5,101.5,96.82217407226562,66938705
2022-11-15,101.5,102.5,101.0,101.5,96.82217407226562,46831926
2022-11-16,101.5,102.5,101.0,101.5,96.82217407226562,46656901
2022-11-17,101.5,102.0,101.0,101.5,96.82217407226562,26166790
2022-11-18,101.5,102.5,100.5,100.5,95.8682632446289,43152213
2022-11-21,101.0,101.5,100.0,100.0,95.39130401611328,30138717
2022-11-22,100.0,100.5,100.0,100.5,95.8682632446289,28386414
2022-11-23,101.0,101.5,100.5,100.5,95.8682632446289,31531556
2022-11-24,100.5,101.0,100.0,101.0,96.34521484375,42058555
2022-11-25,100.5,101.0,100.0,100.5,95.8682632446289,34893350
2022-11-28,100.5,100.5,99.5999984741211,100.0,95.39130401611328,46570604
2022-11-29,100.0,100.5,99.69999694824219,100.0,95.39130401611328,33933430
2022-11-30,100.5,101.5,100.0,100.5,95.8682632446289,73098376
2022-12-01,101.5,103.0,101.5,103.0,98.25304412841797,66190485
2022-12-02,103.0,106.0,103.0,105.5,100.63782501220703,77556958
2022-12-05,106.5,107.0,105.5,105.5,100.63782501220703,45869305
2022-12-06,104.0,104.5,102.5,103.0,98.25304412841797,54823509
2022-12-07,102.5,104.0,102.0,102.0,97.29912567138672,44543745
2022-12-08,102.0,102.5,101.5,101.5,96.82217407226562,30784065
2022-12-09,102.5,103.0,102.0,102.0,97.29912567138672,32429484
2022-12-12,102.0,102.0,101.0,102.0,97.29912567138672,19377505
2022-12-13,102.0,102.5,101.0,101.0,96.34521484375,34609744
2022-12-14,101.5,102.5,101.0,102.5,97.77608489990234,24686884
2022-12-15,101.5,102.5,101.5,101.5,96.82217407226562,24472461
2022-12-16,100.5,101.5,100.0,100.5,95.8682632446289,71935875
2022-12-19,100.5,102.0,100.5,101.5,96.82217407226562,29443100
2022-12-20,101.0,101.5,100.0,100.0,95.39130401611328,44517003
2022-12-21,101.0,101.0,100.0,100.0,95.39130401611328,27849028
2022-12-22,101.0,101.0,100.5,101.0,96.34521484375,21205805
2022-12-23,100.0,101.0,100.0,101.0,96.34521484375,15377369
2022-12-26,101.5,101.5,100.5,101.0,96.34521484375,8716525
2022-12-27,101.0,101.5,100.5,100.5,95.8682632446289,8826169
2022-12-28,100.5,100.5,100.0,100.5,95.8682632446289,22673422
2022-12-29,100.0,100.0,99.5,99.69999694824219,95.1051254272461,37212398
2022-12-30,100.0,100.5,99.80000305175781,99.9000015258789,95.29591369628906,18093658
2023-01-03,99.9000015258789,99.9000015258789,98.0,99.0999984741211,94.53278350830078,46594672
2023-01-04,98.0,98.69999694824219,98.0,98.0999984741211,93.57886505126953,41500261
2023-01-05,98.0999984741211,98.9000015258789,98.0,98.0,93.48347473144531,35686123
2023-01-06,98.30000305175781,98.80000305175781,98.30000305175781,98.4000015258789,93.86504364013672,20091590
2023-01-09,99.19999694824219,99.5999984741211,98.9000015258789,99.0999984741211,94.53278350830078,33250703
2023-01-10,99.4000015258789,99.80000305175781,99.0999984741211,99.4000015258789,94.81895446777344,19385954
2023-01-11,99.80000305175781,99.80000305175781,99.0999984741211,99.0999984741211,94.53278350830078,19900837
2023-01-12,99.0999984741211,99.5,98.5999984741211,98.5999984741211,94.05582427978516,18537275
2023-01-13,99.0,99.5,98.5999984741211,98.5999984741211,94.05582427978516,17809439
2023-01-16,98.5999984741211,99.19999694824219,98.0999984741211,98.0999984741211,93.57886505126953,26829826
2023-01-17,98.19999694824219,98.5,98.0999984741211,98.0999984741211,93.57886505126953,27871039
2023-01-30,99.5999984741211,99.69999694824219,98.0,98.0999984741211,93.57886505126953,81832690
2023-01-31,98.30000305175781,101.0,98.19999694824219,99.69999694824219,95.1051254272461,78717445
2023-02-01,100.5,101.0,99.80000305175781,100.0,95.39130401611328,39899084
2023-02-02,100.5,101.0,100.0,100.0,95.39130401611328,49473623
2023-02-03,100.0,100.5,99.5,99.5999984741211,95.00973510742188,43062963
2023-02-06,100.5,102.0,100.5,101.5,96.82217407226562,50209500
2023-02-07,102.0,102.0,100.5,100.5,95.8682632446289,31198971
2023-02-08,100.5,101.0,100.5,100.5,95.8682632446289,24332505
2023-02-09,100.5,101.5,100.0,101.0,96.34521484375,29215985
2023-02-10,101.5,102.0,100.5,101.5,96.82217407226562,25426136
2023-02-13,101.5,102.0,101.0,101.0,96.34521484375,18330530
2023-02-14,101.5,102.0,101.5,102.0,97.29912567138672,18342029
2023-02-15,102.0,102.5,101.5,102.5,97.77608489990234,36053227
2023-02-16,103.0,103.5,102.5,103.5,98.72999572753906,39617729
2023-02-17,103.0,103.5,102.5,103.5,98.72999572753906,28586479
2023-02-20,103.5,104.0,102.5,103.0,98.25304412841797,21971615
2023-02-21,102.5,103.0,102.5,102.5,97.77608489990234,13794962
2023-02-22,102.0,102.5,101.5,102.0,97.29912567138672,21960210
2023-02-23,102.0,103.0,102.0,103.0,98.25304412841797,20815057
2023-02-24,103.0,103.5,101.0,101.0,96.34521484375,53866924
2023-03-01,100.0,103.0,100.0,102.0,97.29912567138672,44807719
2023-03-02,102.5,103.0,101.5,102.5,97.77608489990234,27825685
2023-03-03,103.5,104.0,102.5,102.5,97.77608489990234,29133932
2023-03-06,103.0,104.0,102.5,103.5,98.72999572753906,37825717
2023-03-07,103.5,106.0,103.5,105.0,100.1608657836914,72281357
2023-03-08,104.5,105.0,104.0,104.0,99.20695495605469,31270865
2023-03-09,104.0,104.5,102.0,102.5,97.77608489990234,61494331
2023-03-10,102.0,102.5,101.5,102.0,97.29912567138672,27734890
2023-03-13,102.0,103.5,101.5,103.0,98.25304412841797,23591966
2023-03-14,102.0,102.5,101.5,102.0,97.29912567138672,29415418
2023-03-15,102.5,103.0,102.0,102.5,97.77608489990234,20481113
2023-03-16,102.5,103.0,102.0,102.0,97.29912567138672,27614054
2023-03-17,103.0,104.5,102.5,103.5,98.72999572753906,62309325
2023-03-20,103.5,104.0,102.5,102.5,97.77608489990234,21366539
2023-03-21,103.0,104.0,103.0,103.5,98.72999572753906,21054992
2023-03-22,103.5,104.5,103.0,103.5,98.72999572753906,21545922
2023-03-23,103.0,104.5,103.0,103.5,98.72999572753906,31525774
2023-03-24,104.5,106.0,104.0,105.5,100.63782501220703,68833626
2023-03-27,105.0,105.5,103.5,103.5,98.72999572753906,32246406
2023-03-28,104.0,104.0,103.0,103.0,98.25304412841797,24056022
2023-03-29,103.0,104.0,103.0,103.5,98.72999572753906,21090350
2023-03-30,104.0,104.5,103.5,104.5,99.68391418457031,19398433
2023-03-31,104.5,105.0,104.0,104.0,99.20695495605469,18283580
2023-04-06,104.5,105.5,103.0,103.5,98.72999572753906,39046856
2023-04-07,104.0,104.0,103.0,103.0,98.25304412841797,11565207
2023-04-10,103.0,104.0,103.0,103.0,98.25304412841797,12404976
2023-04-11,103.5,104.0,103.0,103.5,98.72999572753906,29073959
2023-04-12,103.5,103.5,102.5,102.5,97.77608489990234,20279457
2023-04-13,102.5,103.5,102.5,103.0,98.25304412841797,22784420
2023-04-14,104.0,104.5,103.0,104.5,99.68391418457031,25584829
2023-04-17,104.5,104.5,103.5,104.0,99.20695495605469,15274691
2023-04-18,104.0,104.5,103.5,104.5,99.68391418457031,16042798
2023-04-19,104.5,104.5,103.5,104.0,99.20695495605469,18734037
2023-04-20,103.5,104.5,103.5,104.5,99.68391418457031,19680444
2023-04-21,105.0,105.5,104.0,104.0,99.20695495605469,32735172
2023-04-24,104.0,104.5,103.5,103.5,98.72999572753906,18393606
2023-04-25,103.5,104.0,103.0,103.0,98.25304412841797,26878363
2023-04-26,103.0,104.5,103.0,103.5,98.72999572753906,33983572
2023-04-27,103.5,104.0,103.0,103.5,98.72999572753906,16606395
2023-04-28,104.0,104.5,103.5,104.5,99.68391418457031,19404553
2023-05-02,104.5,106.0,104.0,106.0,101.11478424072266,49934354
2023-05-03,105.5,106.0,105.0,105.5,100.63782501220703,26855259
2023-05-04,105.5,105.5,105.0,105.0,100.1608657836914,12735443
2023-05-05,105.0,105.5,104.5,105.0,100.1608657836914,12524881
2023-05-08,105.5,106.0,105.0,105.0,100.1608657836914,10197144
2023-05-09,105.0,107.0,104.5,106.5,101.59173583984375,40552496
2023-05-10,106.5,107.0,106.0,106.5,101.59173583984375,17406967
2023-05-11,106.5,107.0,105.0,105.0,100.1608657836914,21740140
2023-05-12,103.5,104.0,102.0,102.5,97.77608489990234,70640476
2023-05-15,102.5,103.0,102.0,102.0,97.29912567138672,28080940
2023-05-16,102.5,103.0,102.0,102.0,97.29912567138672,41848030
2023-05-17,102.0,103.0,102.0,102.5,97.77608489990234,38707801
2023-05-18,103.0,103.5,102.5,103.0,98.25304412841797,27646823
2023-05-19,103.0,103.0,102.0,103.0,98.25304412841797,33026440
2023-05-22,102.5,103.0,102.5,103.0,98.25304412841797,18055020
2023-05-23,103.0,103.0,102.5,102.5,97.77608489990234,21793465
2023-05-24,102.5,103.0,102.5,103.0,98.25304412841797,15681903
2023-05-25,102.5,103.5,102.5,102.5,97.77608489990234,25782108
2023-05-26,102.5,103.0,102.0,102.5,97.77608489990234,34841283
2023-05-29,103.5,106.0,103.0,105.5,100.63782501220703,77950453
2023-05-30,106.5,108.0,106.0,107.0,102.06869506835938,88126662
2023-05-31,107.5,107.5,105.5,106.5,101.59173583984375,58697772
2023-06-01,106.5,108.0,106.0,108.0,103.0226058959961,46264650
2023-06-02,108.5,109.0,107.5,108.0,103.0226058959961,53639503
2023-06-05,108.5,108.5,107.0,107.5,102.545654296875,24441405
2023-06-06,107.0,107.5,106.0,107.0,102.06869506835938,36177082
2023-06-07,107.5,108.0,107.0,108.0,103.0226058959961,22331554
2023-06-08,108.0,108.0,107.0,107.0,102.06869506835938,17253275
2023-06-09,107.5,108.0,107.0,108.0,103.0226058959961,16636034
2023-06-12,108.0,112.0,107.5,110.5,105.40738677978516,97931538
2023-06-13,111.0,113.0,111.0,112.5,107.31521606445312,69701479
2023-06-14,112.5,113.0,111.5,112.5,107.31521606445312,35568685
2023-06-15,112.5,113.0,111.0,111.5,106.3613052368164,34887268
2023-06-16,111.5,112.5,111.0,111.0,105.88434600830078,46995134
2023-06-19,111.5,113.0,111.0,112.5,107.31521606445312,25047682
2023-06-20,113.0,113.5,111.5,112.5,107.31521606445312,29739937
2023-06-21,112.5,113.0,112.0,113.0,107.79217529296875,34763025
2023-06-26,113.5,116.0,113.0,115.5,110.17695617675781,99919960
2023-06-27,116.0,116.5,114.0,114.0,108.74608612060547,66946025
2023-06-28,114.5,116.0,114.5,115.0,109.69999694824219,44666321
2023-06-29,116.0,116.0,113.0,113.0,107.79217529296875,39560094
2023-06-30,113.0,113.0,111.0,113.0,107.79217529296875,48200965
2023-07-03,114.0,115.0,113.5,115.0,109.69999694824219,87520052
2023-07-04,112.0,112.5,109.5,110.0,110.0,79691146
2023-07-05,110.0,110.5,107.5,108.5,108.5,50544581
2023-07-06,107.5,107.5,105.0,105.5,105.5,69069457
2023-07-07,105.0,106.0,104.5,105.5,105.5,30487502
2023-07-10,105.5,106.0,104.5,104.5,104.5,24605713
2023-07-11,105.0,105.5,104.5,105.0,105.0,23641103
2023-07-12,105.0,107.5,105.0,107.5,107.5,37582438
2023-07-13,108.5,109.0,107.0,107.0,107.0,29761053
2023-07-14,107.5,109.5,106.5,109.5,109.5,43171954
2023-07-17,110.0,111.0,109.5,110.5,110.5,41250219
2023-07-18,110.5,113.5,110.0,112.0,112.0,52327726
2023-07-19,113.0,113.5,108.0,108.5,108.5,54580337
2023-07-20,109.0,110.0,107.5,108.0,108.0,32928924
2023-07-21,107.0,108.5,106.5,107.5,107.5,24874943
2023-07-24,108.0,108.5,107.0,108.0,108.0,19757373
2023-07-25,108.5,112.0,108.5,112.0,112.0,60570621
2023-07-26,112.0,112.5,111.0,111.5,111.5,30040003
2023-07-27,112.0,113.0,110.5,110.5,110.5,31329930
2023-07-28,110.5,111.0,109.5,109.5,109.5,22140011
2023-07-31,110.5,111.0,108.5,108.5,108.5,30316038
2023-08-01,109.5,111.0,109.0,110.5,110.5,23966725
2023-08-02,110.0,110.5,108.0,108.0,108.0,33642403
2023-08-04,109.0,111.0,109.0,111.0,111.0,38960707
2023-08-07,112.0,112.5,109.5,109.5,109.5,45334600
2023-08-08,110.5,111.0,109.5,110.5,110.5,29163604
2023-08-09,110.5,111.5,110.0,110.5,110.5,20348974
2023-08-10,111.0,111.0,109.5,110.0,110.0,22241741
2023-08-11,110.0,110.5,108.5,108.5,108.5,22550572
2023-08-14,109.5,110.5,109.0,110.0,110.0,29995115
2023-08-15,108.0,109.0,107.0,107.0,107.0,63923173
2023-08-16,106.5,106.5,105.0,105.5,105.5,43637112
2023-08-17,105.5,107.0,105.5,106.5,106.5,24569578
2023-08-18,106.5,107.0,105.5,106.0,106.0,17125216
2023-08-21,106.5,107.0,105.5,106.0,106.0,10711817
2023-08-22,106.5,107.0,106.0,106.5,106.5,13146421
2023-08-23,106.5,107.5,106.0,106.5,106.5,16513876
2023-08-24,109.0,110.5,108.5,109.5,109.5,50697365
2023-08-25,108.5,109.0,108.0,108.0,108.0,21088268
2023-08-28,108.5,109.0,108.0,108.0,108.0,16737977
2023-08-29,108.0,108.5,105.0,106.0,106.0,64075629
2023-08-30,106.5,107.0,106.0,106.0,106.0,20719271
2023-08-31,106.0,107.0,105.5,106.5,106.5,56712590
2023-09-01,106.5,107.5,106.5,107.5,107.5,14016360
2023-09-04,107.5,108.0,105.5,106.5,106.5,21196486
2023-09-05,106.5,107.0,106.0,107.0,107.0,13373644
2023-09-06,106.5,107.0,106.0,106.0,106.0,16988014
2023-09-07,106.0,106.0,105.5,105.5,105.5,14559702
2023-09-08,105.5,106.0,105.0,106.0,106.0,12030780
2023-09-11,106.0,106.0,105.0,105.0,105.0,17772579
2023-09-12,106.0,107.5,105.5,107.5,107.5,29770627
2023-09-13,107.0,107.5,105.5,106.0,106.0,18281220
2023-09-14,106.5,107.0,106.0,106.5,106.5,15804957
2023-09-15,106.5,107.0,106.0,106.0,106.0,35465752
2023-09-18,106.0,106.5,105.5,106.5,106.5,19079463
2023-09-19,106.5,107.5,106.5,106.5,106.5,13714612
2023-09-20,106.5,107.0,106.0,106.0,106.0,18615029
2023-09-21,106.0,106.5,105.0,105.0,105.0,22188851
2023-09-22,105.0,105.5,105.0,105.0,105.0,15051487
2023-09-25,105.5,106.0,105.0,105.5,105.5,16313538
2023-09-26,105.0,105.5,104.0,104.0,104.0,30099451
2023-09-27,104.0,104.5,103.5,104.0,104.0,16064926
2023-09-28,104.5,104.5,103.0,104.0,104.0,21103053
2023-10-02,104.0,105.0,104.0,104.5,104.5,13885858
2023-10-03,104.0,104.5,103.5,104.0,104.0,17439779
2023-10-04,103.0,103.5,102.5,103.0,103.0,27359567
2023-10-05,103.0,104.0,103.0,103.5,103.5,16616231
2023-10-06,105.0,106.0,104.5,105.5,105.5,28044586
2023-10-11,106.5,106.5,105.5,106.0,106.0,28530118
2023-10-12,106.5,107.0,106.0,107.0,107.0,27974396
2023-10-13,107.0,107.5,106.0,107.5,107.5,26550436
2023-10-16,107.0,107.5,106.5,107.0,107.0,17125445
2023-10-17,107.5,108.0,106.5,106.5,106.5,15540479
2023-10-18,106.0,106.5,105.0,105.5,105.5,26924552
2023-10-19,105.0,105.5,103.0,103.5,103.5,36902352
2023-10-20,103.0,104.5,103.0,103.5,103.5,32000342
2023-10-23,102.0,102.0,100.0,100.5,100.5,82749215
2023-10-24,99.80000305175781,99.80000305175781,97.30000305175781,98.30000305175781,98.30000305175781,110028656
2023-10-25,98.30000305175781,99.5,98.30000305175781,99.0,99.0,40481603
2023-10-26,98.30000305175781,98.69999694824219,98.0,98.5,98.5,37967556
2023-10-27,98.5,98.9000015258789,98.19999694824219,98.19999694824219,98.19999694824219,33142928
2023-10-30,98.30000305175781,98.5,94.0,94.5,94.5,134995332
2023-10-31,95.0999984741211,96.9000015258789,95.0999984741211,96.5,96.5,56204082
2023-11-01,96.4000015258789,96.5,95.5999984741211,95.5999984741211,95.5999984741211,26230059
2023-11-02,96.19999694824219,97.4000015258789,96.0,97.0,97.0,25008686
2023-11-03,95.80000305175781,96.19999694824219,95.19999694824219,95.80000305175781,95.80000305175781,42627707
2023-11-06,96.19999694824219,97.69999694824219,96.19999694824219,96.4000015258789,96.4000015258789,38328942
2023-11-07,96.4000015258789,96.80000305175781,95.5,96.0999984741211,96.0999984741211,27742358
2023-11-08,95.69999694824219,97.4000015258789,95.69999694824219,97.0,97.0,19441199
2023-11-09,97.4000015258789,98.4000015258789,97.30000305175781,97.9000015258789,97.9000015258789,30810327
2023-11-10,97.9000015258789,98.0,97.0,97.19999694824219,97.19999694824219,16271698
2023-11-13,97.80000305175781,98.4000015258789,97.5,97.69999694824219,97.69999694824219,18203271
2023-11-14,98.4000015258789,101.0,98.19999694824219,100.0,100.0,46678644
2023-11-15,100.5,101.5,99.80000305175781,100.5,100.5,51077691
2023-11-16,101.0,101.5,100.5,101.0,101.0,30695116
2023-11-17,101.5,103.5,101.0,102.5,102.5,46873557
2023-11-20,102.5,102.5,101.0,101.0,101.0,29812892
2023-11-21,102.0,102.5,101.0,102.5,102.5,36969965
2023-11-22,103.0,104.0,102.0,102.0,102.0,28364466
2023-11-23,102.5,103.0,101.0,101.5,101.5,22618693
2023-11-24,102.0,102.5,101.0,101.5,101.5,20946560
2023-11-27,102.5,103.0,101.5,101.5,101.5,23065767
2023-11-28,102.0,103.0,102.0,102.5,102.5,26026370
2023-11-29,102.5,103.0,101.5,102.0,102.0,31821148
2023-11-30,102.0,102.5,101.0,101.5,101.5,40730573
2023-12-01,101.0,101.5,100.5,100.5,100.5,26482926
2023-12-04,101.0,101.5,100.5,101.0,101.0,14718271
2023-12-05,101.0,102.0,100.5,101.0,101.0,21884962
2023-12-06,101.5,102.0,101.0,101.0,101.0,15330669
2023-12-07,101.0,101.5,100.5,101.0,101.0,13982251
2023-12-08,101.0,102.0,101.0,101.5,101.5,16070568
2023-12-11,101.5,102.0,100.5,101.0,101.0,24953090
2023-12-12,101.0,101.5,100.5,101.0,101.0,19973869
2023-12-13,100.5,101.5,100.5,101.0,101.0,15105897
2023-12-14,101.5,102.0,101.0,102.0,102.0,32650955
2023-12-15,101.5,102.0,101.0,101.5,101.5,40775463
2023-12-18,101.5,102.0,101.0,102.0,102.0,27764780
2023-12-19,102.0,102.5,101.5,102.5,102.5,32860763
2023-12-20,102.5,104.5,102.5,104.5,104.5,54287637
2023-12-21,103.0,103.5,102.5,103.5,103.5,34805864
2023-12-22,103.5,104.0,103.0,103.5,103.5,23776427
2023-12-25,103.5,104.0,103.0,103.5,103.5,11295535
2023-12-26,104.0,104.0,103.5,104.0,104.0,9920950
2023-12-27,104.0,104.0,103.0,103.5,103.5,18875621
2023-12-28,103.5,104.0,103.0,104.0,104.0,23057092
2023-12-29,104.0,105.0,103.5,104.5,104.5,25969421
